generation,mix_ratio,mix_time,score
1,0.2,20,72
2,0.5,30,85
3,0.8,50,60
4,0.6696889471492216,29.97010973091917,50.986411149825784
